<DATE>	<TIME>	<OPEN>	<HIGH>	<LOW>	<CLOSE>	<TICKVOL>	<VOL>	<SPREAD>
2026.03.02	01:00:00	5300.98	5392.62	5300.98	5386.11	20258	0	65
2026.03.02	02:00:00	5386.14	5387.08	5340.50	5346.93	19644	0	65
2026.03.02	03:00:00	5346.82	5346.82	5302.76	5324.39	24069	0	65
2026.03.02	04:00:00	5324.37	5351.37	5316.47	5346.22	16503	0	65
2026.03.02	05:00:00	5346.29	5366.57	5344.02	5366.16	12566	0	54
2026.03.02	06:00:00	5366.11	5366.88	5344.08	5355.81	10144	0	54
2026.03.02	07:00:00	5355.79	5366.09	5340.82	5365.90	11858	0	54
2026.03.02	08:00:00	5365.91	5389.58	5363.45	5387.48	14755	0	36
2026.03.02	09:00:00	5387.47	5419.04	5384.83	5408.39	16620	0	36
2026.03.02	10:00:00	5408.26	5416.68	5391.15	5394.08	16283	0	37
2026.03.02	11:00:00	5394.19	5402.65	5386.06	5391.98	13280	0	37
2026.03.02	12:00:00	5391.97	5400.86	5378.83	5388.94	12278	0	37
2026.03.02	13:00:00	5389.00	5399.83	5375.00	5385.12	11618	0	37
2026.03.02	14:00:00	5385.14	5398.65	5378.92	5396.99	13200	0	37
2026.03.02	15:00:00	5396.86	5416.67	5381.96	5393.86	21242	0	37
2026.03.02	16:00:00	5393.87	5395.02	5305.59	5333.68	28149	0	37
2026.03.02	17:00:00	5333.67	5348.77	5308.13	5315.86	27939	0	37
2026.03.02	18:00:00	5315.80	5315.80	5260.49	5289.91	27375	0	37
2026.03.02	19:00:00	5289.95	5320.50	5286.76	5306.66	21805	0	37
2026.03.02	20:00:00	5306.70	5316.60	5289.46	5315.49	17407	0	37
2026.03.02	21:00:00	5315.48	5334.11	5313.79	5330.32	13093	0	35
2026.03.02	22:00:00	5330.39	5346.28	5328.27	5332.25	19332	0	35
2026.03.02	23:00:00	5332.19	5340.07	5321.30	5321.30	8642	0	35
2026.03.03	01:00:00	5324.23	5347.19	5324.19	5345.82	7514	0	38
2026.03.03	02:00:00	5345.90	5361.93	5336.86	5350.21	9509	0	38
2026.03.03	03:00:00	5350.15	5379.72	5338.45	5341.17	18597	0	38
2026.03.03	04:00:00	5340.87	5367.94	5332.26	5366.75	17042	0	38
2026.03.03	05:00:00	5366.66	5373.43	5359.23	5366.94	10476	0	38
2026.03.03	06:00:00	5366.95	5375.48	5359.29	5361.26	8528	0	38
2026.03.03	07:00:00	5361.17	5367.06	5305.48	5318.97	16953	0	38
2026.03.03	08:00:00	5318.99	5322.90	5279.30	5310.55	20936	0	38
2026.03.03	09:00:00	5309.50	5331.07	5305.92	5327.62	13381	0	35
2026.03.03	10:00:00	5327.31	5335.87	5290.19	5295.63	18054	0	34
2026.03.03	11:00:00	5295.65	5303.96	5225.78	5274.99	20874	0	34
2026.03.03	12:00:00	5274.90	5287.69	5237.82	5247.97	19669	0	34
2026.03.03	13:00:00	5247.90	5263.92	5074.13	5144.86	28757	0	34
2026.03.03	14:00:00	5144.70	5226.68	5138.50	5224.59	22710	0	35
2026.03.03	15:00:00	5224.55	5224.61	5127.40	5156.67	31835	0	35
2026.03.03	16:00:00	5156.65	5175.31	5015.73	5037.70	28663	0	35
2026.03.03	17:00:00	5037.73	5096.88	4996.17	5095.13	30282	0	35
2026.03.03	18:00:00	5095.64	5134.50	5090.54	5106.71	28898	0	35
2026.03.03	19:00:00	5106.91	5109.68	5065.27	5079.05	26177	0	35
2026.03.03	20:00:00	5079.17	5137.95	5078.99	5135.85	23461	0	35
2026.03.03	21:00:00	5135.79	5148.50	5099.39	5113.17	23091	0	35
2026.03.03	22:00:00	5113.19	5130.35	5085.84	5096.75	22474	0	35
2026.03.03	23:00:00	5097.02	5110.32	5083.26	5087.80	9948	0	35
2026.03.04	01:00:00	5103.82	5129.87	5083.96	5125.25	12143	0	38
2026.03.04	02:00:00	5125.27	5140.21	5106.09	5138.62	14033	0	38
2026.03.04	03:00:00	5138.64	5178.56	5138.64	5175.03	22378	0	38
2026.03.04	04:00:00	5175.00	5190.70	5154.08	5156.19	18486	0	38
2026.03.04	05:00:00	5156.18	5177.36	5140.89	5174.46	17078	0	38
2026.03.04	06:00:00	5174.44	5180.72	5151.93	5156.80	12535	0	38
2026.03.04	07:00:00	5156.79	5168.24	5152.08	5159.91	16324	0	38
2026.03.04	08:00:00	5159.89	5160.39	5121.21	5160.33	18261	0	35
2026.03.04	09:00:00	5160.49	5175.89	5158.35	5168.28	13011	0	34
2026.03.04	10:00:00	5168.27	5182.05	5147.80	5167.50	14552	0	34
2026.03.04	11:00:00	5167.48	5184.88	5159.09	5182.17	12085	0	34
2026.03.04	12:00:00	5182.19	5202.46	5179.59	5189.75	13337	0	34
2026.03.04	13:00:00	5189.74	5200.56	5187.63	5192.08	9089	0	34
2026.03.04	14:00:00	5192.10	5205.95	5156.25	5171.05	15414	0	34
2026.03.04	15:00:00	5171.14	5196.18	5167.29	5167.87	18774	0	34
2026.03.04	16:00:00	5167.88	5184.98	5138.56	5146.79	24154	0	34
2026.03.04	17:00:00	5145.15	5166.95	5131.19	5151.23	26218	0	34
2026.03.04	18:00:00	5151.28	5162.53	5138.17	5149.61	21861	0	34
2026.03.04	19:00:00	5149.60	5153.00	5120.35	5140.98	18815	0	34
2026.03.04	20:00:00	5141.05	5143.37	5109.19	5133.30	18214	0	34
2026.03.04	21:00:00	5133.55	5139.53	5123.21	5137.84	12521	0	34
2026.03.04	22:00:00	5137.76	5146.78	5123.54	5134.66	14369	0	34
2026.03.04	23:00:00	5135.22	5143.95	5129.29	5140.40	5897	0	35
2026.03.05	01:00:00	5146.43	5166.08	5144.79	5165.19	6862	0	35
2026.03.05	02:00:00	5165.15	5179.68	5159.40	5172.50	7816	0	35
2026.03.05	03:00:00	5172.56	5186.55	5167.17	5172.45	16525	0	35
2026.03.05	04:00:00	5172.28	5192.35	5171.49	5192.00	13568	0	35
2026.03.05	05:00:00	5191.99	5194.82	5178.31	5180.15	9899	0	35
2026.03.05	06:00:00	5180.02	5186.55	5166.35	5171.55	7145	0	35
2026.03.05	07:00:00	5171.57	5176.65	5148.24	5148.43	11311	0	35
2026.03.05	08:00:00	5148.52	5168.60	5120.72	5167.53	17389	0	35
2026.03.05	09:00:00	5167.54	5172.58	5158.64	5162.18	12181	0	34
2026.03.05	10:00:00	5162.17	5170.07	5137.52	5165.53	15238	0	34
2026.03.05	11:00:00	5165.51	5180.49	5153.80	5161.03	15622	0	34
2026.03.05	12:00:00	5161.00	5167.47	5146.14	5164.50	11192	0	34
2026.03.05	13:00:00	5164.63	5167.90	5156.90	5163.86	8316	0	34
2026.03.05	14:00:00	5163.93	5171.41	5160.89	5162.41	9020	0	34
2026.03.05	15:00:00	5162.50	5163.97	5084.77	5117.80	22053	0	34
2026.03.05	16:00:00	5117.71	5129.76	5090.76	5102.13	25383	0	34
2026.03.05	17:00:00	5102.07	5119.99	5061.94	5102.42	26805	0	34
2026.03.05	18:00:00	5102.43	5104.42	5054.22	5077.65	23719	0	34
2026.03.05	19:00:00	5077.64	5089.50	5054.93	5062.82	22917	0	34
2026.03.05	20:00:00	5062.81	5085.38	5050.98	5069.26	22588	0	34
2026.03.05	21:00:00	5069.27	5081.11	5055.64	5065.96	19606	0	34
2026.03.05	22:00:00	5065.83	5094.73	5061.70	5076.57	22489	0	34
2026.03.05	23:00:00	5076.58	5084.93	5072.01	5082.25	6696	0	34
2026.03.06	01:00:00	5084.97	5101.62	5081.14	5086.18	8303	0	35
2026.03.06	02:00:00	5086.12	5092.15	5074.16	5084.39	9947	0	35
2026.03.06	03:00:00	5084.37	5143.28	5066.57	5134.68	18368	0	35
2026.03.06	04:00:00	5134.64	5138.53	5122.03	5126.24	12182	0	35
2026.03.06	05:00:00	5126.20	5141.34	5124.27	5131.02	8584	0	35
2026.03.06	06:00:00	5131.03	5136.27	5126.52	5127.50	5495	0	35
2026.03.06	07:00:00	5127.47	5130.03	5114.25	5117.03	9967	0	35
2026.03.06	08:00:00	5117.15	5122.86	5109.16	5115.85	9778	0	35
2026.03.06	09:00:00	5115.62	5120.72	5105.49	5119.55	9271	0	34
2026.03.06	10:00:00	5119.60	5122.85	5096.27	5108.50	10732	0	34
2026.03.06	11:00:00	5109.33	5109.33	5083.46	5085.63	13626	0	34
2026.03.06	12:00:00	5085.64	5092.83	5075.60	5091.00	12048	0	34
2026.03.06	13:00:00	5091.12	5099.85	5062.81	5077.01	12662	0	34
2026.03.06	14:00:00	5077.03	5096.66	5076.32	5083.16	13144	0	34
2026.03.06	15:00:00	5082.78	5131.16	5065.50	5084.99	24007	0	34
2026.03.06	16:00:00	5085.03	5132.38	5080.98	5130.41	26244	0	34
2026.03.06	17:00:00	5130.37	5171.44	5127.94	5141.91	27738	0	34
2026.03.06	18:00:00	5141.92	5153.04	5125.86	5139.96	21792	0	34
2026.03.06	19:00:00	5139.95	5152.43	5128.82	5140.76	19094	0	34
2026.03.06	20:00:00	5140.81	5167.61	5138.67	5161.10	16865	0	34
2026.03.06	21:00:00	5161.09	5174.48	5156.57	5159.75	13010	0	34
2026.03.06	22:00:00	5159.76	5162.44	5149.69	5153.39	15034	0	34
2026.03.06	23:00:00	5153.25	5178.03	5150.78	5171.80	6025	0	34
2026.03.09	01:00:00	5130.12	5135.57	5044.55	5075.99	19716	0	34
2026.03.09	02:00:00	5076.10	5080.10	5028.63	5050.03	22244	0	34
2026.03.09	03:00:00	5049.94	5087.41	5014.95	5069.99	24479	0	39
2026.03.09	04:00:00	5070.02	5099.10	5055.43	5094.84	20342	0	34
2026.03.09	05:00:00	5094.57	5102.11	5081.48	5091.27	14293	0	34
2026.03.09	06:00:00	5091.30	5097.18	5085.16	5090.09	9041	0	34
2026.03.09	07:00:00	5090.19	5140.36	5080.83	5124.21	19273	0	34
2026.03.09	08:00:00	5124.20	5133.96	5097.05	5097.68	18395	0	34
2026.03.09	09:00:00	5097.67	5107.83	5088.47	5098.71	14183	0	34
2026.03.09	10:00:00	5099.05	5110.62	5087.14	5096.48	16376	0	34
2026.03.09	11:00:00	5095.93	5132.44	5095.12	5105.23	15878	0	34
2026.03.09	12:00:00	5105.25	5111.06	5084.08	5087.14	12917	0	34
2026.03.09	13:00:00	5088.27	5097.28	5080.00	5087.93	13041	0	34
2026.03.09	14:00:00	5088.09	5098.66	5088.09	5094.90	3909	0	34
2026.03.09	15:00:00	5094.93	5111.26	5067.30	5073.91	24120	0	34
2026.03.09	16:00:00	5073.95	5115.96	5060.54	5093.86	26620	0	34
2026.03.09	17:00:00	5093.79	5103.40	5079.47	5099.59	19566	0	34
2026.03.09	18:00:00	5099.41	5110.68	5094.66	5104.68	16686	0	34
2026.03.09	19:00:00	5104.55	5106.86	5088.91	5095.78	15493	0	34
2026.03.09	20:00:00	5095.89	5126.24	5092.36	5123.16	13049	0	34
2026.03.09	21:00:00	5123.19	5143.90	5118.41	5140.99	19872	0	34
2026.03.09	22:00:00	5140.95	5147.85	5134.12	5138.45	8401	0	34
2026.03.10	01:00:00	5153.10	5155.92	5135.99	5139.58	9956	0	34
2026.03.10	02:00:00	5139.50	5141.21	5124.94	5130.96	12107	0	34
2026.03.10	03:00:00	5130.11	5186.07	5124.59	5184.12	20187	0	34
2026.03.10	04:00:00	5184.19	5186.79	5163.73	5165.68	15173	0	34
2026.03.10	05:00:00	5165.85	5173.08	5155.59	5157.60	12526	0	34
2026.03.10	06:00:00	5157.52	5166.53	5154.42	5163.73	6977	0	34
2026.03.10	07:00:00	5163.74	5179.19	5163.71	5177.88	9496	0	34
2026.03.10	08:00:00	5177.89	5180.78	5171.92	5175.11	10439	0	34
2026.03.10	09:00:00	5175.09	5181.41	5158.56	5180.87	11852	0	34
2026.03.10	10:00:00	5180.97	5195.07	5174.95	5183.47	12941	0	34
2026.03.10	11:00:00	5183.45	5189.29	5180.62	5182.56	9910	0	34
2026.03.10	12:00:00	5182.54	5183.98	5156.50	5177.15	13520	0	34
2026.03.10	13:00:00	5177.37	5191.86	5171.82	5175.08	14330	0	34
2026.03.10	14:00:00	5175.20	5189.40	5162.42	5186.94	14596	0	34
2026.03.10	15:00:00	5186.93	5228.77	5186.19	5205.62	23397	0	34
2026.03.10	16:00:00	5205.61	5214.31	5185.35	5206.76	21067	0	34
2026.03.10	17:00:00	5206.77	5238.50	5203.21	5228.60	17554	0	34
2026.03.10	18:00:00	5229.14	5235.47	5222.68	5227.58	13686	0	34
2026.03.10	19:00:00	5227.60	5235.32	5223.60	5227.57	15254	0	34
2026.03.10	20:00:00	5227.59	5227.98	5160.92	5191.66	22636	0	34
2026.03.10	21:00:00	5191.57	5207.52	5179.90	5198.63	19402	0	34
2026.03.10	22:00:00	5198.64	5198.86	5191.54	5191.64	6645	0	34
2026.03.11	01:00:00	5189.12	5197.31	5187.65	5197.15	4963	0	34
2026.03.11	02:00:00	5197.16	5219.32	5186.75	5215.47	9976	0	34
2026.03.11	03:00:00	5215.35	5223.23	5208.42	5208.42	13867	0	34
2026.03.11	04:00:00	5208.45	5220.37	5194.23	5217.28	11518	0	34
2026.03.11	05:00:00	5217.24	5220.34	5199.32	5203.26	8199	0	34
2026.03.11	06:00:00	5203.37	5208.46	5199.40	5204.43	4920	0	34
2026.03.11	07:00:00	5204.42	5208.16	5190.82	5199.42	9121	0	34
2026.03.11	08:00:00	5199.60	5210.58	5191.60	5197.47	10701	0	34
2026.03.11	09:00:00	5197.45	5202.00	5184.54	5195.64	11741	0	34
2026.03.11	10:00:00	5195.70	5198.57	5175.43	5187.49	12036	0	34
2026.03.11	11:00:00	5187.53	5197.09	5179.66	5187.69	10429	0	34
2026.03.11	12:00:00	5187.70	5195.24	5177.19	5186.01	9561	0	34
2026.03.11	13:00:00	5186.02	5193.59	5175.56	5181.14	10486	0	34
2026.03.11	14:00:00	5181.10	5196.58	5166.64	5167.50	16266	0	34
2026.03.11	15:00:00	5167.52	5183.11	5149.27	5176.80	20828	0	34
2026.03.11	16:00:00	5176.76	5196.08	5174.49	5183.13	21117	0	34
2026.03.11	17:00:00	5183.20	5185.66	5164.10	5166.27	18405	0	34
2026.03.11	18:00:00	5166.04	5177.90	5163.62	5175.58	15112	0	34
2026.03.11	19:00:00	5175.59	5180.90	5154.57	5169.72	14503	0	34
2026.03.11	20:00:00	5169.46	5178.18	5169.17	5172.48	9478	0	34
2026.03.11	21:00:00	5172.52	5183.50	5169.30	5183.21	8414	0	34
2026.03.11	22:00:00	5183.22	5183.51	5175.15	5176.23	3754	0	34
2026.03.12	01:00:00	5138.61	5157.99	5133.28	5134.49	9764	0	34
2026.03.12	02:00:00	5134.47	5161.52	5125.51	5152.89	11111	0	34
2026.03.12	03:00:00	5152.97	5172.78	5151.51	5168.59	14139	0	34
2026.03.12	04:00:00	5168.37	5174.99	5145.65	5150.63	12543	0	34
2026.03.12	05:00:00	5150.62	5155.47	5147.29	5153.09	8105	0	34
2026.03.12	06:00:00	5153.24	5153.85	5140.48	5142.55	4842	0	34
2026.03.12	07:00:00	5142.54	5157.60	5137.12	5154.35	8405	0	34
2026.03.12	08:00:00	5154.37	5170.20	5147.24	5166.67	9561	0	34
2026.03.12	09:00:00	5166.68	5185.08	5164.47	5182.11	8168	0	34
2026.03.12	10:00:00	5182.13	5189.67	5175.81	5178.08	9688	0	34
2026.03.12	11:00:00	5178.15	5190.34	5174.41	5188.32	8764	0	34
2026.03.12	12:00:00	5188.33	5191.62	5176.29	5182.29	8265	0	34
2026.03.12	13:00:00	5182.24	5183.87	5172.72	5178.94	10621	0	34
2026.03.12	14:00:00	5179.53	5185.50	5163.53	5181.46	18590	0	34
2026.03.12	15:00:00	5181.37	5186.19	5146.31	5151.18	25413	0	34
2026.03.12	16:00:00	5151.13	5163.28	5137.92	5142.60	25338	0	34
2026.03.12	17:00:00	5142.59	5144.87	5109.16	5132.35	23553	0	34
2026.03.12	18:00:00	5132.07	5138.00	5121.18	5123.51	19897	0	34
2026.03.12	19:00:00	5123.30	5129.63	5102.47	5105.29	18447	0	34
2026.03.12	20:00:00	5105.13	5112.51	5090.51	5094.54	17086	0	34
2026.03.12	21:00:00	5094.51	5096.81	5079.07	5084.75	16532	0	34
2026.03.12	22:00:00	5084.84	5090.39	5054.65	5079.60	12186	0	34
2026.03.13	01:00:00	5095.83	5101.26	5089.08	5098.12	10306	0	34
2026.03.13	02:00:00	5098.08	5115.25	5097.34	5113.69	10277	0	34
2026.03.13	03:00:00	5113.65	5124.58	5108.59	5124.48	15734	0	34
2026.03.13	04:00:00	5124.85	5128.57	5110.28	5111.93	12745	0	34
2026.03.13	05:00:00	5111.89	5116.53	5106.30	5115.50	10702	0	34
2026.03.13	06:00:00	5115.37	5118.00	5102.57	5104.24	9328	0	34
2026.03.13	07:00:00	5104.50	5110.94	5098.20	5103.05	12728	0	34
2026.03.13	08:00:00	5103.23	5107.78	5085.68	5088.05	17581	0	34
2026.03.13	09:00:00	5087.78	5094.29	5071.61	5085.19	16301	0	34
2026.03.13	10:00:00	5084.68	5087.92	5060.70	5086.97	17935	0	36
2026.03.13	11:00:00	5086.99	5096.93	5083.43	5089.58	14895	0	36
2026.03.13	12:00:00	5089.55	5098.32	5080.34	5094.80	13628	0	36
2026.03.13	13:00:00	5094.78	5107.73	5086.22	5107.57	14529	0	36
2026.03.13	14:00:00	5107.58	5121.84	5104.42	5118.18	19023	0	36
2026.03.13	15:00:00	5118.20	5121.45	5096.29	5101.27	21883	0	36
2026.03.13	16:00:00	5101.32	5108.01	5035.79	5041.11	25614	0	36
2026.03.13	17:00:00	5041.21	5071.54	5031.92	5034.73	25930	0	36
2026.03.13	18:00:00	5034.03	5052.94	5018.66	5045.92	23616	0	36
2026.03.13	19:00:00	5045.88	5064.01	5043.32	5046.12	19735	0	36
2026.03.13	20:00:00	5046.10	5051.67	5036.04	5046.44	17549	0	36
2026.03.13	21:00:00	5047.45	5049.89	5009.57	5016.50	18343	0	36
2026.03.13	22:00:00	5016.75	5025.20	5012.06	5019.00	10131	0	36
2026.03.16	01:00:00	5024.51	5026.26	4967.75	4997.45	21049	0	36
2026.03.16	02:00:00	4997.44	5031.03	4996.67	5025.69	18111	0	36
2026.03.16	03:00:00	5025.70	5026.50	4982.87	5015.83	24299	0	36
2026.03.16	04:00:00	5015.86	5018.65	4997.74	5003.56	18249	0	36
2026.03.16	05:00:00	5003.57	5020.78	4998.05	5019.13	14038	0	36
2026.03.16	06:00:00	5019.10	5026.18	5012.27	5012.72	9425	0	36
2026.03.16	07:00:00	5012.69	5019.92	5003.09	5017.30	13632	0	36
2026.03.16	08:00:00	5017.18	5035.98	5005.68	5012.07	16711	0	36
2026.03.16	09:00:00	5012.06	5016.23	4991.82	4995.30	15720	0	36
2026.03.16	10:00:00	4995.51	5003.32	4984.91	4991.02	18221	0	36
2026.03.16	11:00:00	4991.01	4991.55	4972.47	4975.33	16963	0	36
2026.03.16	12:00:00	4975.34	4999.54	4969.84	4998.66	16925	0	36
2026.03.16	13:00:00	4998.68	5022.55	4992.50	4996.73	16002	0	36
2026.03.16	14:00:00	4996.74	5025.79	4994.32	5019.80	18073	0	36
2026.03.16	15:00:00	5019.81	5034.43	5013.74	5029.69	21789	0	36
2026.03.16	16:00:00	5029.67	5038.26	4988.16	4995.89	23429	0	36
2026.03.16	17:00:00	4995.88	5005.63	4983.64	4987.03	20772	0	36
2026.03.16	18:00:00	4987.22	4998.70	4973.86	4990.49	19376	0	36
2026.03.16	19:00:00	4991.18	5003.68	4983.84	4991.23	18097	0	36
2026.03.16	20:00:00	4991.40	5017.93	4989.98	5012.65	15791	0	36
2026.03.16	21:00:00	5012.64	5020.42	5007.95	5012.97	16451	0	36
2026.03.16	22:00:00	5012.83	5021.52	5004.52	5004.67	7581	0	36
2026.03.17	01:00:00	5002.17	5015.50	5001.95	5012.84	8430	0	36
2026.03.17	02:00:00	5012.85	5014.01	4998.13	5002.80	12281	0	36
2026.03.17	03:00:00	5002.55	5028.03	4994.58	5027.81	16431	0	36
2026.03.17	04:00:00	5027.73	5029.48	5019.89	5022.61	13202	0	36
2026.03.17	05:00:00	5022.59	5033.42	5020.59	5027.57	10915	0	36
2026.03.17	06:00:00	5027.59	5042.26	5026.27	5037.81	9538	0	36
2026.03.17	07:00:00	5037.83	5044.22	5020.05	5020.70	13829	0	36
2026.03.17	08:00:00	5020.76	5022.79	5004.68	5009.97	15831	0	36
2026.03.17	09:00:00	5009.85	5027.82	5008.79	5021.13	12255	0	36
2026.03.17	10:00:00	5021.12	5029.53	5018.41	5024.59	14043	0	36
2026.03.17	11:00:00	5024.61	5025.85	5009.66	5010.52	13330	0	36
2026.03.17	12:00:00	5010.48	5016.27	4991.73	5000.17	14932	0	36
2026.03.17	13:00:00	5000.16	5011.51	4996.77	5003.25	12369	0	36
2026.03.17	14:00:00	5002.91	5023.80	4999.33	5011.62	15741	0	36
2026.03.17	15:00:00	5011.58	5031.54	5005.47	5016.52	21080	0	36
2026.03.17	16:00:00	5016.41	5020.54	5002.66	5007.53	21303	0	36
2026.03.17	17:00:00	5007.55	5017.41	4973.34	4997.75	22563	0	36
2026.03.17	18:00:00	4997.77	5005.74	4991.56	5002.06	19054	0	36
2026.03.17	19:00:00	5002.05	5008.60	4996.25	5002.43	14980	0	36
2026.03.17	20:00:00	5002.44	5008.95	4999.66	5003.67	12543	0	36
2026.03.17	21:00:00	5003.70	5005.51	4996.36	5000.21	12651	0	36
2026.03.17	22:00:00	5000.24	5006.75	4999.87	5006.14	6070	0	36
2026.03.18	01:00:00	4999.74	5003.64	4998.73	5002.89	4090	0	36
2026.03.18	02:00:00	5002.98	5012.48	5000.13	5004.15	8378	0	36
2026.03.18	03:00:00	5004.13	5015.84	4991.33	4998.56	15369	0	36
2026.03.18	04:00:00	4999.07	5006.91	4990.48	4991.89	12564	0	36
2026.03.18	05:00:00	4991.87	4997.84	4986.24	4991.22	10596	0	36
2026.03.18	06:00:00	4991.20	4993.48	4981.71	4987.10	8109	0	36
2026.03.18	07:00:00	4987.08	5002.50	4984.58	4997.55	11834	0	36
2026.03.18	08:00:00	4997.30	5016.48	4996.26	5009.36	12870	0	36
2026.03.18	09:00:00	5009.79	5014.78	4990.22	4994.95	11323	0	36
2026.03.18	10:00:00	4994.96	4996.81	4977.25	4987.87	13948	0	36
2026.03.18	11:00:00	4987.70	4995.58	4984.83	4992.07	11068	0	36
2026.03.18	12:00:00	4992.08	4992.08	4958.96	4967.62	14132	0	36
2026.03.18	13:00:00	4967.58	4973.92	4924.96	4930.13	21429	0	36
2026.03.18	14:00:00	4930.12	4932.40	4870.51	4881.42	25571	0	36
2026.03.18	15:00:00	4881.34	4885.77	4834.05	4878.29	28577	0	36
2026.03.18	16:00:00	4878.23	4894.57	4856.27	4869.65	24471	0	36
2026.03.18	17:00:00	4869.95	4880.34	4861.02	4862.51	19961	0	36
2026.03.18	18:00:00	4862.50	4890.56	4860.82	4886.85	18235	0	36
2026.03.18	19:00:00	4886.82	4898.94	4883.77	4890.51	17345	0	36
2026.03.18	20:00:00	4890.45	4899.46	4852.35	4852.72	23149	0	36
2026.03.18	21:00:00	4852.71	4865.17	4838.08	4843.21	22050	0	36
2026.03.18	22:00:00	4843.07	4848.50	4806.62	4818.71	15180	0	36
2026.03.19	01:00:00	4834.59	4842.52	4828.01	4836.68	12470	0	36
2026.03.19	02:00:00	4836.69	4848.56	4835.36	4841.09	14256	0	36
2026.03.19	03:00:00	4841.14	4866.93	4832.73	4849.95	19779	0	36
2026.03.19	04:00:00	4849.98	4862.05	4841.59	4858.60	16387	0	36
2026.03.19	05:00:00	4858.63	4865.80	4850.79	4850.83	12533	0	36
2026.03.19	06:00:00	4850.82	4853.62	4845.74	4849.85	9730	0	36
2026.03.19	07:00:00	4849.65	4853.94	4826.99	4827.46	14992	0	36
2026.03.19	08:00:00	4827.47	4842.06	4747.66	4763.75	23710	0	36
2026.03.19	09:00:00	4763.77	4784.17	4727.42	4728.04	20511	0	36
2026.03.19	10:00:00	4728.01	4740.32	4686.59	4709.12	24903	0	36
2026.03.19	11:00:00	4709.10	4725.71	4687.76	4698.83	23903	0	36
2026.03.19	12:00:00	4698.82	4719.86	4666.52	4678.63	21148	0	36
2026.03.19	13:00:00	4678.50	4699.55	4650.77	4652.14	20998	0	36
2026.03.19	14:00:00	4651.85	4653.92	4531.24	4574.29	27375	0	36
2026.03.19	15:00:00	4574.18	4621.28	4502.72	4621.28	31588	0	36
2026.03.19	16:00:00	4621.69	4649.16	4580.88	4601.48	30923	0	36
2026.03.19	17:00:00	4601.52	4638.73	4565.93	4596.22	28577	0	36
2026.03.19	18:00:00	4596.44	4626.78	4576.71	4584.65	26971	0	36
2026.03.19	19:00:00	4584.73	4629.72	4573.71	4615.91	25001	0	36
2026.03.19	20:00:00	4615.28	4622.90	4596.29	4622.86	22056	0	36
2026.03.19	21:00:00	4622.90	4662.92	4622.90	4643.98	27412	0	36
2026.03.19	22:00:00	4643.71	4661.74	4642.70	4650.11	11922	0	36
2026.03.20	01:00:00	4636.39	4647.71	4634.11	4643.67	12008	0	36
2026.03.20	02:00:00	4643.66	4665.22	4642.17	4648.67	14790	0	36
2026.03.20	03:00:00	4648.09	4699.10	4639.39	4677.23	23162	0	36
2026.03.20	04:00:00	4677.25	4703.51	4670.13	4698.07	17358	0	36
2026.03.20	05:00:00	4698.29	4735.88	4693.12	4725.59	17033	0	36
2026.03.20	06:00:00	4725.60	4727.45	4715.23	4721.45	10629	0	36
2026.03.20	07:00:00	4721.56	4723.58	4685.79	4688.45	17587	0	36
2026.03.20	08:00:00	4688.54	4701.24	4661.32	4669.27	20653	0	36
2026.03.20	09:00:00	4668.91	4708.10	4668.09	4706.30	15799	0	36
2026.03.20	10:00:00	4706.36	4734.75	4684.86	4693.59	19266	0	36
2026.03.20	11:00:00	4693.57	4700.21	4659.57	4667.57	18260	0	36
2026.03.20	12:00:00	4667.55	4670.04	4638.15	4645.34	20571	0	36
2026.03.20	13:00:00	4645.16	4674.12	4637.18	4671.57	19178	0	36
2026.03.20	14:00:00	4671.64	4695.62	4661.91	4678.35	22465	0	36
2026.03.20	15:00:00	4678.34	4679.72	4612.66	4616.40	28392	0	36
2026.03.20	16:00:00	4616.35	4622.50	4548.18	4564.17	30746	0	36
2026.03.20	17:00:00	4563.97	4579.85	4540.41	4553.24	28111	0	36
2026.03.20	18:00:00	4553.30	4613.84	4551.92	4583.22	25456	0	36
2026.03.20	19:00:00	4583.09	4600.88	4554.26	4573.30	24320	0	36
2026.03.20	20:00:00	4573.31	4578.43	4477.34	4499.30	25231	0	36
2026.03.20	21:00:00	4499.37	4516.70	4484.94	4501.64	26629	0	36
2026.03.20	22:00:00	4501.51	4514.32	4488.99	4490.65	15711	0	36
2026.03.20	23:00:00	4490.66	4490.66	4490.66	4490.66	1	0	43
2026.03.23	01:00:00	4498.78	4510.42	4452.39	4465.83	19685	0	36
2026.03.23	02:00:00	4465.25	4473.35	4319.80	4352.22	26742	0	36
2026.03.23	03:00:00	4350.74	4454.30	4330.27	4387.85	28725	0	36
2026.03.23	04:00:00	4387.84	4422.01	4354.83	4360.30	26458	0	36
2026.03.23	05:00:00	4361.26	4377.95	4335.13	4355.25	22451	0	36
2026.03.23	06:00:00	4354.88	4381.79	4350.04	4367.48	17921	0	36
2026.03.23	07:00:00	4367.44	4379.97	4301.82	4310.25	23373	0	36
2026.03.23	08:00:00	4310.28	4310.54	4162.65	4219.17	29092	0	36
2026.03.23	09:00:00	4219.10	4232.61	4098.75	4208.21	28825	0	36
2026.03.23	10:00:00	4208.23	4270.44	4207.56	4251.03	24391	0	36
2026.03.23	11:00:00	4250.90	4308.34	4223.48	4255.00	25557	0	36
2026.03.23	12:00:00	4254.73	4282.04	4241.22	4270.32	23642	0	36
2026.03.23	13:00:00	4270.61	4462.15	4270.57	4379.53	28250	0	36
2026.03.23	14:00:00	4379.49	4492.57	4336.75	4484.47	30413	0	36
2026.03.23	15:00:00	4484.33	4484.76	4401.59	4456.93	30892	0	36
2026.03.23	16:00:00	4456.84	4512.77	4453.56	4459.71	31672	0	36
2026.03.23	17:00:00	4459.68	4486.97	4351.08	4363.53	31352	0	36
2026.03.23	18:00:00	4363.76	4391.68	4352.65	4378.61	30253	0	36
2026.03.23	19:00:00	4379.13	4438.92	4370.86	4426.63	27592	0	36
2026.03.23	20:00:00	4426.58	4466.90	4402.32	4447.99	25199	0	36
2026.03.23	21:00:00	4448.20	4450.64	4392.80	4396.48	24747	0	36
2026.03.23	22:00:00	4396.37	4412.98	4382.92	4407.46	12215	0	36
2026.03.23	23:00:00	4413.90	4414.07	4412.89	4413.39	18	0	42
2026.03.24	01:00:00	4427.32	4448.33	4421.77	4442.33	15251	0	36
2026.03.24	02:00:00	4442.39	4446.53	4331.54	4366.96	24205	0	36
2026.03.24	03:00:00	4365.05	4374.15	4308.17	4321.20	28560	0	36
2026.03.24	04:00:00	4321.26	4379.45	4305.83	4366.53	26056	0	36
2026.03.24	05:00:00	4366.28	4368.31	4335.07	4347.51	21629	0	36
2026.03.24	06:00:00	4347.49	4357.12	4326.48	4335.48	17973	0	36
2026.03.24	07:00:00	4335.54	4374.24	4319.76	4346.00	23853	0	36
2026.03.24	08:00:00	4345.98	4404.72	4343.69	4401.26	24735	0	36
2026.03.24	09:00:00	4401.27	4432.74	4399.76	4419.08	23012	0	36
2026.03.24	10:00:00	4419.10	4420.88	4390.97	4410.90	24450	0	36
2026.03.24	11:00:00	4410.94	4430.83	4395.79	4426.85	21225	0	36
2026.03.24	12:00:00	4428.78	4441.88	4414.71	4436.38	19523	0	36
2026.03.24	13:00:00	4436.29	4442.04	4379.83	4410.32	24286	0	36
2026.03.24	14:00:00	4410.39	4427.40	4362.13	4377.94	26272	0	36
2026.03.24	15:00:00	4378.30	4390.06	4351.58	4385.13	30223	0	36
2026.03.24	16:00:00	4384.93	4434.08	4382.74	4418.31	30052	0	36
2026.03.24	17:00:00	4417.90	4431.17	4395.97	4411.17	28408	0	36
2026.03.24	18:00:00	4411.19	4427.52	4402.60	4422.54	25081	0	36
2026.03.24	19:00:00	4422.51	4426.26	4372.34	4388.78	28515	0	36
2026.03.24	20:00:00	4389.05	4423.40	4383.77	4389.46	25263	0	36
2026.03.24	21:00:00	4389.40	4411.27	4389.16	4400.15	20579	0	36
2026.03.24	22:00:00	4400.14	4484.04	4397.26	4472.76	20737	0	36
2026.03.24	23:00:00	4474.44	4476.14	4473.99	4474.12	56	0	42
2026.03.25	01:00:00	4483.93	4553.47	4472.42	4553.19	19011	0	36
2026.03.25	02:00:00	4553.10	4571.92	4537.41	4561.97	19855	0	36
2026.03.25	03:00:00	4562.20	4601.03	4552.25	4594.48	21635	0	36
2026.03.25	04:00:00	4594.10	4602.55	4579.75	4584.42	18697	0	36
2026.03.25	05:00:00	4584.30	4586.95	4567.91	4568.64	15806	0	36
2026.03.25	06:00:00	4568.68	4574.57	4565.66	4571.75	9996	0	36
2026.03.25	07:00:00	4571.74	4573.50	4549.18	4555.71	16669	0	36
2026.03.25	08:00:00	4555.69	4557.21	4533.15	4546.29	18198	0	36
2026.03.25	09:00:00	4546.30	4563.23	4536.83	4538.62	16888	0	36
2026.03.25	10:00:00	4538.63	4568.12	4535.60	4556.84	21221	0	36
2026.03.25	11:00:00	4556.71	4567.55	4527.43	4552.03	18892	0	36
2026.03.25	12:00:00	4552.41	4562.37	4550.88	4558.75	18080	0	36
2026.03.25	13:00:00	4558.76	4585.65	4556.06	4580.78	17677	0	36
2026.03.25	14:00:00	4580.74	4583.65	4521.75	4546.55	24728	0	36
2026.03.25	15:00:00	4546.30	4576.55	4540.93	4545.81	27126	0	36
2026.03.25	16:00:00	4545.89	4579.42	4533.03	4566.70	27620	0	36
2026.03.25	17:00:00	4566.72	4567.91	4524.78	4560.35	25702	0	36
2026.03.25	18:00:00	4560.51	4564.73	4545.28	4554.11	23395	0	36
2026.03.25	19:00:00	4554.10	4564.03	4542.56	4548.80	20986	0	36
2026.03.25	20:00:00	4548.81	4568.92	4530.87	4538.84	20301	0	36
2026.03.25	21:00:00	4538.86	4539.50	4486.75	4530.84	22522	0	36
2026.03.25	22:00:00	4530.69	4541.95	4494.89	4505.69	12388	0	36
2026.03.25	23:00:00	4511.72	4514.14	4511.57	4513.89	62	0	42
2026.03.26	01:00:00	4516.59	4518.35	4488.69	4504.54	14558	0	36
2026.03.26	02:00:00	4504.61	4541.55	4503.65	4538.58	17847	0	36
2026.03.26	03:00:00	4538.15	4544.24	4522.40	4535.14	20503	0	36
2026.03.26	04:00:00	4535.11	4535.45	4505.71	4509.33	18106	0	36
2026.03.26	05:00:00	4509.34	4518.76	4500.00	4516.14	16205	0	36
2026.03.26	06:00:00	4516.15	4524.28	4511.61	4520.13	11162	0	36
2026.03.26	07:00:00	4520.12	4522.23	4438.37	4443.64	20753	0	36
2026.03.26	08:00:00	4442.73	4459.39	4415.65	4456.13	23299	0	36
2026.03.26	09:00:00	4456.12	4463.86	4438.58	4452.22	19086	0	36
2026.03.26	10:00:00	4452.13	4459.25	4412.15	4424.58	23317	0	36
2026.03.26	11:00:00	4424.59	4436.78	4414.49	4424.18	20968	0	36
2026.03.26	12:00:00	4424.15	4447.87	4417.10	4446.25	19968	0	36
2026.03.26	13:00:00	4446.22	4456.67	4418.97	4424.06	20175	0	36
2026.03.26	14:00:00	4424.05	4445.69	4416.40	4435.33	22074	0	36
2026.03.26	15:00:00	4435.07	4460.60	4419.98	4449.99	26792	0	36
2026.03.26	16:00:00	4449.96	4479.35	4437.43	4467.66	29080	0	36
2026.03.26	17:00:00	4467.61	4468.93	4433.64	4437.11	26119	0	36
2026.03.26	18:00:00	4437.16	4442.64	4366.64	4388.69	26099	0	36
2026.03.26	19:00:00	4389.11	4402.29	4377.33	4384.42	23588	0	36
2026.03.26	20:00:00	4384.44	4399.32	4367.89	4399.06	20999	0	36
2026.03.26	21:00:00	4399.15	4399.36	4359.18	4363.00	19648	0	36
2026.03.26	22:00:00	4362.87	4420.89	4351.22	4381.66	21626	0	36
2026.03.26	23:00:00	4383.29	4385.27	4380.79	4382.05	65	0	43
2026.03.27	01:00:00	4412.49	4412.52	4389.98	4408.26	9863	0	36
2026.03.27	02:00:00	4408.12	4411.06	4375.10	4386.77	16095	0	36
2026.03.27	03:00:00	4386.82	4421.46	4380.53	4421.00	19801	0	36
2026.03.27	04:00:00	4420.95	4440.74	4420.51	4433.94	17619	0	36
2026.03.27	05:00:00	4433.95	4446.03	4420.93	4439.54	14677	0	36
2026.03.27	06:00:00	4439.61	4449.46	4431.47	4444.52	9879	0	36
2026.03.27	07:00:00	4444.51	4475.18	4440.30	4459.37	16534	0	36
2026.03.27	08:00:00	4459.36	4473.03	4451.76	4460.67	17116	0	36
2026.03.27	09:00:00	4461.66	4462.87	4442.83	4447.45	15686	0	34
2026.03.27	10:00:00	4447.11	4451.05	4423.77	4426.81	19193	0	34
2026.03.27	11:00:00	4427.38	4438.21	4420.68	4428.50	17672	0	34
2026.03.27	12:00:00	4428.51	4432.84	4410.92	4416.58	16945	0	34
2026.03.27	13:00:00	4416.57	4426.14	4403.99	4420.67	17470	0	34
2026.03.27	14:00:00	4420.68	4445.28	4412.74	4441.92	19642	0	34
2026.03.27	15:00:00	4441.93	4443.95	4413.43	4430.84	25395	0	34
2026.03.27	16:00:00	4430.82	4514.80	4430.81	4505.85	27503	0	34
2026.03.27	17:00:00	4505.65	4555.49	4501.73	4527.01	26483	0	34
2026.03.27	18:00:00	4527.00	4533.20	4505.58	4512.77	22112	0	34
2026.03.27	19:00:00	4512.79	4521.91	4486.09	4488.42	22704	0	34
2026.03.27	20:00:00	4488.43	4528.81	4488.39	4515.99	20555	0	34
2026.03.27	21:00:00	4515.98	4526.21	4500.75	4512.63	19698	0	34
2026.03.27	22:00:00	4512.61	4520.39	4491.01	4493.80	11453	0	34
2026.03.30	01:00:00	4483.32	4514.56	4467.98	4485.62	14303	0	34
2026.03.30	02:00:00	4485.49	4492.80	4443.83	4449.86	17143	0	34
2026.03.30	03:00:00	4449.42	4466.65	4419.71	4434.05	22618	0	34
2026.03.30	04:00:00	4434.56	4475.62	4432.59	4468.45	23610	0	34
2026.03.30	05:00:00	4468.52	4499.23	4458.62	4479.40	19997	0	34
2026.03.30	06:00:00	4479.35	4517.36	4478.67	4496.44	17465	0	34
2026.03.30	07:00:00	4496.45	4498.58	4486.04	4497.15	12389	0	34
2026.03.30	08:00:00	4497.16	4528.31	4496.74	4518.60	17208	0	34
2026.03.30	09:00:00	4518.68	4550.60	4516.94	4531.41	19053	0	34
2026.03.30	10:00:00	4531.49	4534.72	4515.53	4525.67	18756	0	34
2026.03.30	11:00:00	4525.65	4540.66	4524.93	4538.46	15785	0	34
2026.03.30	12:00:00	4538.42	4540.82	4523.61	4532.88	16513	0	34
2026.03.30	13:00:00	4532.89	4540.31	4527.71	4533.47	14716	0	34
2026.03.30	14:00:00	4533.49	4580.51	4525.40	4559.11	20726	0	34
2026.03.30	15:00:00	4559.08	4578.08	4545.23	4573.40	19425	0	34
2026.03.30	16:00:00	4573.36	4578.75	4516.74	4524.60	25528	0	34
2026.03.30	17:00:00	4524.63	4541.41	4511.85	4541.06	26725	0	34
2026.03.30	18:00:00	4541.20	4556.70	4524.76	4549.40	23260	0	34
2026.03.30	19:00:00	4549.34	4549.34	4531.98	4540.26	20157	0	34
2026.03.30	20:00:00	4540.27	4542.12	4511.21	4515.30	21001	0	34
2026.03.30	21:00:00	4515.34	4523.15	4497.65	4498.42	18198	0	34
2026.03.30	22:00:00	4498.40	4518.33	4492.97	4515.08	21107	0	34
2026.03.30	23:00:00	4515.07	4516.55	4500.83	4511.22	9476	0	34
2026.03.31	01:00:00	4513.93	4523.59	4502.10	4508.92	8320	0	34
2026.03.31	02:00:00	4507.05	4521.34	4491.93	4511.74	13627	0	34
2026.03.31	03:00:00	4511.73	4549.71	4482.47	4546.99	22623	0	34
2026.03.31	04:00:00	4546.68	4619.34	4532.05	4604.16	25617	0	34
2026.03.31	05:00:00	4604.14	4604.28	4565.64	4567.49	21232	0	34
2026.03.31	06:00:00	4567.17	4576.97	4550.05	4557.52	16831	0	34
2026.03.31	07:00:00	4557.51	4569.47	4557.08	4564.97	13167	0	34
2026.03.31	08:00:00	4564.96	4581.90	4547.45	4568.00	17415	0	34
2026.03.31	09:00:00	4567.95	4567.97	4553.19	4557.79	18674	0	34
2026.03.31	10:00:00	4557.78	4566.04	4543.08	4565.85	16983	0	34
2026.03.31	11:00:00	4565.87	4575.04	4560.39	4567.22	17245	0	34
2026.03.31	12:00:00	4567.23	4572.30	4550.13	4555.41	16311	0	34
2026.03.31	13:00:00	4555.45	4561.84	4529.36	4549.83	16157	0	34
2026.03.31	14:00:00	4549.82	4592.90	4541.02	4582.60	22556	0	34
2026.03.31	15:00:00	4582.57	4597.29	4569.25	4578.45	22737	0	34
2026.03.31	16:00:00	4578.46	4611.23	4567.74	4608.66	24526	0	34
2026.03.31	17:00:00	4608.63	4630.08	4595.03	4599.60	28444	0	34
2026.03.31	18:00:00	4599.67	4625.37	4599.57	4608.57	25289	0	34
2026.03.31	19:00:00	4608.56	4651.39	4606.69	4640.82	25095	0	34
2026.03.31	20:00:00	4640.79	4667.22	4636.49	4654.75	27465	0	34
2026.03.31	21:00:00	4654.90	4673.07	4653.51	4673.06	21584	0	34
2026.03.31	22:00:00	4672.93	4685.61	4661.64	4683.08	20642	0	34
2026.03.31	23:00:00	4683.06	4687.15	4664.65	4668.90	11579	0	34
2026.04.01	01:00:00	4674.25	4696.20	4661.66	4679.46	13991	0	34
2026.04.01	02:00:00	4679.48	4700.14	4671.82	4696.95	13130	0	34
2026.04.01	03:00:00	4697.00	4722.32	4693.33	4717.88	18856	0	34
2026.04.01	04:00:00	4717.87	4724.19	4681.40	4694.73	22779	0	34
2026.04.01	05:00:00	4694.70	4700.45	4678.18	4684.86	17118	0	34
2026.04.01	06:00:00	4684.87	4694.15	4679.56	4681.48	12822	0	34
2026.04.01	07:00:00	4681.47	4681.98	4666.75	4677.12	11128	0	34
2026.04.01	08:00:00	4676.86	4703.50	4674.82	4685.90	15081	0	34
2026.04.01	09:00:00	4685.86	4733.28	4682.52	4729.46	19429	0	34
2026.04.01	10:00:00	4729.41	4747.64	4709.17	4711.59	20288	0	34
2026.04.01	11:00:00	4711.46	4740.51	4710.98	4726.82	17061	0	34
2026.04.01	12:00:00	4726.81	4730.19	4712.55	4723.32	15630	0	34
2026.04.01	13:00:00	4723.35	4738.70	4715.12	4731.28	14213	0	34
2026.04.01	14:00:00	4731.36	4763.23	4728.24	4752.11	16188	0	34
2026.04.01	15:00:00	4752.09	4753.60	4717.87	4721.47	21110	0	34
2026.04.01	16:00:00	4721.30	4749.66	4716.02	4734.79	24943	0	34
2026.04.01	17:00:00	4734.80	4768.83	4723.89	4760.98	25965	0	34
2026.04.01	18:00:00	4760.94	4788.23	4758.39	4786.83	23753	0	34
2026.04.01	19:00:00	4786.81	4790.77	4774.39	4786.87	17957	0	34
2026.04.01	20:00:00	4786.89	4793.01	4772.53	4773.43	16978	0	34
2026.04.01	21:00:00	4773.44	4775.06	4741.70	4752.11	22801	0	34
2026.04.01	22:00:00	4752.20	4778.14	4751.91	4767.90	19078	0	34
2026.04.01	23:00:00	4767.93	4771.14	4754.24	4758.74	8708	0	34
2026.04.02	01:00:00	4758.64	4782.32	4756.56	4776.00	6007	0	37
2026.04.02	02:00:00	4776.03	4800.35	4773.60	4781.08	9342	0	34
2026.04.02	03:00:00	4781.15	4798.65	4775.11	4777.46	13476	0	34
2026.04.02	04:00:00	4777.42	4780.35	4650.96	4694.00	30045	0	36
2026.04.02	05:00:00	4693.76	4704.10	4655.19	4682.63	22225	0	34
2026.04.02	06:00:00	4682.62	4699.28	4675.69	4681.22	11888	0	34
2026.04.02	07:00:00	4681.19	4681.42	4657.14	4674.51	9220	0	34
2026.04.02	08:00:00	4674.63	4680.40	4586.07	4592.33	17585	0	34
2026.04.02	09:00:00	4592.29	4608.58	4553.93	4600.06	21360	0	34
2026.04.02	10:00:00	4599.88	4651.01	4597.18	4645.84	13766	0	34
2026.04.02	11:00:00	4645.79	4648.64	4616.85	4624.01	12784	0	34
2026.04.02	12:00:00	4623.99	4631.88	4613.07	4620.65	11770	0	34
2026.04.02	13:00:00	4620.50	4635.00	4603.66	4621.99	12898	0	34
2026.04.02	14:00:00	4622.06	4630.54	4592.66	4598.16	15132	0	34
2026.04.02	15:00:00	4598.15	4630.19	4585.72	4590.14	18043	0	34
2026.04.02	16:00:00	4590.07	4651.30	4580.59	4649.76	28670	0	34
2026.04.02	17:00:00	4649.75	4699.41	4631.56	4680.58	30729	0	34
2026.04.02	18:00:00	4680.74	4682.26	4652.64	4663.01	26228	0	34
2026.04.02	19:00:00	4663.20	4670.59	4642.79	4658.70	20808	0	34
2026.04.02	20:00:00	4658.72	4668.30	4645.74	4651.86	17501	0	34
2026.04.02	21:00:00	4651.82	4672.08	4647.33	4671.67	14676	0	34
2026.04.02	22:00:00	4671.64	4681.82	4661.54	4673.48	14559	0	34
2026.04.02	23:00:00	4673.40	4679.04	4664.35	4678.44	6785	0	38
2026.04.06	01:00:00	4675.32	4675.32	4608.39	4645.90	16443	0	36
2026.04.06	02:00:00	4645.93	4651.13	4605.17	4612.66	12361	0	38
2026.04.06	03:00:00	4612.65	4629.30	4600.77	4623.42	15536	0	34
2026.04.06	04:00:00	4623.38	4643.13	4620.40	4625.70	13304	0	34
2026.04.06	05:00:00	4625.69	4671.85	4623.52	4647.35	14807	0	39
2026.04.06	06:00:00	4647.37	4647.44	4625.41	4641.27	11878	0	39
2026.04.06	07:00:00	4641.72	4659.84	4639.93	4659.52	7444	0	39
2026.04.06	08:00:00	4659.51	4678.65	4647.82	4647.82	8183	0	39
2026.04.06	09:00:00	4647.60	4667.58	4643.41	4665.83	11279	0	34
2026.04.06	10:00:00	4665.82	4688.19	4644.91	4682.71	12590	0	34
2026.04.06	11:00:00	4682.67	4698.16	4680.70	4696.98	11063	0	34
2026.04.06	12:00:00	4697.02	4706.44	4690.87	4693.58	10831	0	34
2026.04.06	13:00:00	4693.59	4697.51	4684.83	4689.43	10491	0	34
2026.04.06	14:00:00	4689.44	4696.74	4676.99	4678.93	9539	0	34
2026.04.06	15:00:00	4678.94	4686.70	4659.65	4676.09	12526	0	34
2026.04.06	16:00:00	4676.11	4682.46	4660.03	4681.56	19461	0	35
2026.04.06	17:00:00	4681.77	4697.70	4660.37	4683.50	22724	0	34
2026.04.06	18:00:00	4683.41	4683.51	4652.08	4668.65	16093	0	34
2026.04.06	19:00:00	4668.55	4672.46	4657.93	4660.84	11902	0	34
2026.04.06	20:00:00	4660.92	4661.01	4645.84	4653.37	14553	0	34
2026.04.06	21:00:00	4653.38	4666.47	4648.86	4658.81	13957	0	34
2026.04.06	22:00:00	4658.44	4659.44	4645.48	4656.80	9097	0	34
2026.04.06	23:00:00	4656.88	4658.28	4647.90	4649.77	4297	0	39
2026.04.07	01:00:00	4650.47	4667.87	4649.79	4657.85	5624	0	39
2026.04.07	02:00:00	4657.68	4661.04	4651.44	4656.92	4419	0	36
2026.04.07	03:00:00	4656.99	4661.27	4627.58	4637.84	9184	0	37
2026.04.07	04:00:00	4639.71	4664.39	4616.17	4626.07	22008	0	36
2026.04.07	05:00:00	4625.24	4653.90	4619.62	4650.18	13865	0	36
2026.04.07	06:00:00	4650.24	4653.99	4639.51	4649.94	9948	0	36
2026.04.07	07:00:00	4649.74	4663.99	4645.51	4661.04	7435	0	36
2026.04.07	08:00:00	4661.16	4661.32	4622.99	4640.19	13230	0	36
2026.04.07	09:00:00	4639.93	4656.44	4637.85	4653.28	14990	0	34
2026.04.07	10:00:00	4653.15	4656.87	4636.51	4646.43	11453	0	34
2026.04.07	11:00:00	4646.44	4690.78	4644.21	4683.04	18931	0	34
2026.04.07	12:00:00	4682.97	4694.39	4658.91	4672.39	14341	0	34
2026.04.07	13:00:00	4672.35	4680.68	4649.28	4651.17	17153	0	34
2026.04.07	14:00:00	4651.10	4664.10	4628.73	4660.07	14590	0	34
2026.04.07	15:00:00	4660.06	4670.67	4647.02	4651.02	16034	0	34
2026.04.07	16:00:00	4651.22	4663.10	4635.53	4643.39	22362	0	34
2026.04.07	17:00:00	4643.53	4661.46	4607.49	4630.77	26243	0	34
2026.04.07	18:00:00	4630.95	4659.42	4625.00	4656.89	21236	0	34
2026.04.07	19:00:00	4656.71	4668.48	4652.49	4657.83	18054	0	34
2026.04.07	20:00:00	4657.84	4686.33	4653.87	4677.44	16375	0	34
2026.04.07	21:00:00	4677.41	4686.20	4657.39	4662.02	13662	0	34
2026.04.07	22:00:00	4662.03	4718.50	4660.65	4699.27	23745	0	34
2026.04.07	23:00:00	4699.29	4717.05	4697.31	4702.05	13435	0	34
2026.04.08	01:00:00	4729.45	4819.64	4713.03	4815.68	20188	0	35
2026.04.08	02:00:00	4815.72	4836.13	4801.29	4832.97	19487	0	34
2026.04.08	03:00:00	4832.77	4857.34	4808.74	4822.28	19855	0	34
2026.04.08	04:00:00	4822.63	4823.50	4788.18	4811.39	20626	0	34
2026.04.08	05:00:00	4811.40	4825.23	4798.67	4803.48	12805	0	34
2026.04.08	06:00:00	4803.49	4805.79	4795.05	4797.94	9860	0	34
2026.04.08	07:00:00	4797.75	4806.46	4790.15	4802.72	8009	0	34
2026.04.08	08:00:00	4802.53	4843.64	4800.31	4830.46	12591	0	34
2026.04.08	09:00:00	4830.93	4839.50	4817.60	4818.38	14774	0	34
2026.04.08	10:00:00	4818.14	4821.19	4805.22	4812.97	13766	0	34
2026.04.08	11:00:00	4812.80	4819.76	4790.46	4794.42	13614	0	34
2026.04.08	12:00:00	4794.43	4806.55	4776.40	4783.63	11621	0	34
2026.04.08	13:00:00	4783.67	4795.99	4771.16	4782.76	10579	0	34
2026.04.08	14:00:00	4782.90	4802.69	4778.07	4798.77	13523	0	34
2026.04.08	15:00:00	4798.71	4807.10	4767.75	4802.50	17618	0	34
2026.04.08	16:00:00	4802.54	4806.57	4768.29	4779.32	23264	0	34
2026.04.08	17:00:00	4779.33	4792.00	4732.13	4740.20	26047	0	34
2026.04.08	18:00:00	4740.17	4763.01	4734.24	4756.63	20441	0	34
2026.04.08	19:00:00	4756.64	4765.52	4745.39	4759.93	15922	0	34
2026.04.08	20:00:00	4759.94	4764.33	4731.40	4732.27	16356	0	34
2026.04.08	21:00:00	4732.28	4744.31	4701.43	4702.86	20917	0	34
2026.04.08	22:00:00	4702.84	4732.16	4699.52	4731.20	18017	0	34
2026.04.08	23:00:00	4731.30	4731.95	4717.14	4719.76	7324	0	35
2026.04.09	01:00:00	4729.43	4733.16	4704.69	4717.12	7617	0	34
2026.04.09	02:00:00	4717.13	4719.86	4705.28	4710.45	6560	0	34
2026.04.09	03:00:00	4710.43	4719.17	4698.90	4715.06	11496	0	34
2026.04.09	04:00:00	4715.10	4728.81	4699.49	4726.40	16117	0	34
2026.04.09	05:00:00	4726.22	4732.87	4717.41	4719.29	9827	0	34
2026.04.09	06:00:00	4719.27	4720.13	4705.17	4711.89	9388	0	34
2026.04.09	07:00:00	4711.89	4725.23	4709.67	4721.63	6091	0	34
2026.04.09	08:00:00	4721.64	4726.49	4705.78	4715.19	10692	0	34
2026.04.09	09:00:00	4715.33	4725.32	4703.49	4712.14	13972	0	34
2026.04.09	10:00:00	4712.16	4731.33	4705.67	4725.16	15019	0	34
2026.04.09	11:00:00	4725.12	4732.84	4719.81	4724.19	10524	0	34
2026.04.09	12:00:00	4724.20	4733.39	4722.84	4729.45	9391	0	34
2026.04.09	13:00:00	4729.46	4746.64	4723.74	4741.61	10203	0	34
2026.04.09	14:00:00	4741.53	4757.52	4738.41	4756.46	10103	0	34
2026.04.09	15:00:00	4756.42	4759.56	4734.89	4741.47	14554	0	34
2026.04.09	16:00:00	4741.44	4777.04	4738.75	4764.06	21392	0	34
2026.04.09	17:00:00	4764.08	4776.19	4747.26	4767.35	22444	0	34
2026.04.09	18:00:00	4767.63	4797.94	4761.13	4793.25	22634	0	34
2026.04.09	19:00:00	4793.18	4800.97	4784.44	4789.24	16095	0	34
2026.04.09	20:00:00	4789.16	4801.06	4786.67	4797.17	13462	0	34
2026.04.09	21:00:00	4797.19	4797.19	4767.92	4768.96	17201	0	34
2026.04.09	22:00:00	4769.04	4782.57	4766.98	4769.66	13414	0	34
2026.04.09	23:00:00	4769.67	4773.26	4760.80	4764.17	5325	0	34
2026.04.10	01:00:00	4773.86	4780.26	4758.66	4762.54	5325	0	34
2026.04.10	02:00:00	4762.55	4764.17	4756.91	4761.26	4481	0	34
2026.04.10	03:00:00	4760.94	4766.16	4750.62	4764.13	8397	0	34
2026.04.10	04:00:00	4764.06	4777.16	4757.79	4762.54	13225	0	34
2026.04.10	05:00:00	4762.56	4762.90	4738.03	4754.50	12717	0	34
2026.04.10	06:00:00	4755.06	4769.47	4753.77	4767.80	9159	0	34
2026.04.10	07:00:00	4767.69	4770.69	4757.82	4758.01	5135	0	34
2026.04.10	08:00:00	4758.04	4769.08	4757.30	4762.07	8594	0	34
2026.04.10	09:00:00	4761.72	4763.90	4742.79	4745.90	12054	0	34
2026.04.10	10:00:00	4745.89	4757.42	4741.23	4750.77	9528	0	34
2026.04.10	11:00:00	4750.78	4753.16	4730.41	4742.19	9968	0	34
2026.04.10	12:00:00	4742.11	4760.74	4740.54	4751.96	11244	0	34
2026.04.10	13:00:00	4751.97	4760.52	4742.41	4758.09	8815	0	34
2026.04.10	14:00:00	4758.08	4768.90	4753.26	4767.81	8453	0	34
2026.04.10	15:00:00	4767.64	4782.22	4759.71	4770.81	15348	0	34
2026.04.10	16:00:00	4770.50	4780.04	4765.02	4773.76	19508	0	34
2026.04.10	17:00:00	4773.48	4794.99	4767.35	4774.70	21661	0	34
2026.04.10	18:00:00	4774.68	4787.35	4755.24	4759.85	18350	0	34
2026.04.10	19:00:00	4759.81	4766.05	4747.49	4761.96	15525	0	34
2026.04.10	20:00:00	4761.93	4768.57	4758.06	4760.19	12143	0	34
2026.04.10	21:00:00	4760.18	4773.22	4750.94	4764.91	12172	0	34
2026.04.10	22:00:00	4764.88	4770.40	4757.38	4757.53	11592	0	34
2026.04.10	23:00:00	4757.54	4758.77	4740.76	4749.28	6361	0	35
